{
	"class_name" : "PinholeCameraParameters",
	"extrinsic" : 
	[
		0.79600427920516492,
		0.10564890930641407,
		0.59599957671917103,
		0.0,
		-0.59439259422799295,
		-0.049573398932740764,
		0.80264557685517213,
		0.0,
		0.11434435453481059,
		-0.99316704842670878,
		0.023336291594790989,
		0.0,
		-0.83582508180170489,
		-0.042259955302650198,
		2.0907863633609529,
		1.0
	],
	"intrinsic" : 
	{
		"height" : 1055,
		"intrinsic_matrix" : 
		[
			913.65680099258282,
			0.0,
			0.0,
			0.0,
			913.65680099258282,
			0.0,
			959.5,
			527.0,
			1.0
		],
		"width" : 1920
	},
	"version_major" : 1,
	"version_minor" : 0
}