{
	"class_name" : "PinholeCameraParameters",
	"extrinsic" : 
	[
		0.76301399318183383,
		0.64496717951598714,
		0.042743228187691905,
		0.0,
		0.52943595326878634,
		-0.66153454006106938,
		0.53110227234738994,
		0.0,
		0.37081965643029785,
		-0.38260866385039188,
		-0.84622892455383125,
		0.0,
		-0.92436245710091036,
		-0.62641640431336687,
		0.44723206754990813,
		1.0
	],
	"intrinsic" : 
	{
		"height" : 1055,
		"intrinsic_matrix" : 
		[
			913.65680099258282,
			0.0,
			0.0,
			0.0,
			913.65680099258282,
			0.0,
			959.5,
			527.0,
			1.0
		],
		"width" : 1920
	},
	"version_major" : 1,
	"version_minor" : 0
}