{
	"class_name" : "PinholeCameraParameters",
	"extrinsic" : 
	[
		-0.06120364588589769,
		0.52128772974896098,
		0.85118342121040402,
		0.0,
		-0.92840837674765764,
		-0.34285170383788366,
		0.14321520575776783,
		0.0,
		0.36648601571554312,
		-0.78148052566179438,
		0.50495166926777491,
		0.0,
		0.13042209254514875,
		-0.49109008807601862,
		0.29912286535686056,
		1.0
	],
	"intrinsic" : 
	{
		"height" : 1055,
		"intrinsic_matrix" : 
		[
			913.65680099258282,
			0.0,
			0.0,
			0.0,
			913.65680099258282,
			0.0,
			959.5,
			527.0,
			1.0
		],
		"width" : 1920
	},
	"version_major" : 1,
	"version_minor" : 0
}